review,category,topic
"This place is more than just food – it's socially woke! Diverse team, ethical choices, and a welcoming vibe. A thumbs-up for being socially responsible!",Positive,Social
"Big love for this spot! Not just for the tasty eats but for their social consciousness. Fair wages, inclusivity – they're nailing it on the social responsibility front.",Positive,Social
"Hats off to this restaurant for being socially switched on. Diverse leadership, ethical sourcing – it's more than just a meal; it's a socially responsible experience!",Positive,Social
"This joint is a social warrior! Clear pricing, fair treatment – they're setting a high standard for ethical business practices. Kudos for being socially responsible!",Positive,Social
"Dining here is a statement. A statement for diversity, fairness, and ethical choices. Major respect for this socially responsible establishment.",Positive,Social
"Shoutout to this spot for being socially woke. They're not just about food; they're about creating an inclusive space and making ethical choices. Love it!",Positive,Social
"This place walks the social responsibility talk. From where they source to how they treat their team, it's all about social consciousness. A definite win!",Positive,Social
"This joint isn't just about good eats; it's about good vibes. Socially responsible to the core – diverse crew, ethical moves. You're supporting more than just a meal here.",Positive,Social
"Cheers to this spot for being socially conscious. Fair wages, equal opportunities – they're doing their part in making the dining scene more ethical and inclusive.",Positive,Social
"Dining here isn't just a meal; it's a stand for social responsibility. Eco-friendly, fair, and fantastic – a solid choice for those who care about more than just the menu.",Positive,Social
"This place is like a party with a cause! Diverse crew, fair vibes, and they're making all the right moves for social responsibility. A total win!",Positive,Social
"Major love for this spot! Not just for the delish food but for their social game. Fair wages, inclusivity – they're nailing it on the social responsibility front.",Positive,Social
"Big props to this restaurant for being socially woke. Diverse leadership, ethical choices – it's more than just a meal; it's a socially responsible experience!",Positive,Social
"This joint is a social champion! Clear pricing, fair treatment – they're setting a high standard for ethical business practices. Kudos for being socially responsible!",Positive,Social
"Dining here is like joining a movement. A movement for diversity, fairness, and ethical choices. Mad respect for this socially responsible establishment.",Positive,Social
"Shoutout to this spot for being socially woke. They're not just about food; they're about creating an inclusive space and making ethical choices. Love it!",Positive,Social
"This place walks the social responsibility talk. From where they source to how they treat their team, it's all about social consciousness. A definite win!",Positive,Social
"This joint isn't just about good eats; it's about good vibes. Socially responsible to the core – diverse crew, ethical moves. You're supporting more than just a meal here.",Positive,Social
"Cheers to this spot for being socially conscious. Fair wages, equal opportunities – they're doing their part in making the dining scene more ethical and inclusive.",Positive,Social
"Dining here isn't just a meal; it's a stand for social responsibility. Eco-friendly, fair, and fantastic – a solid choice for those who care about more than just the menu.",Positive,Social
"At first glance, believed this spot championed social consciousness, but the diversity initiatives seem more like a facade. Not impressed by the lack of genuine commitment to equality and inclusion.",Negative,Social
"In the realm of social responsibility, this place unravels into a disarray. Shady maneuvers and a stark absence of transparency tarnish the commitment to fairness.",Negative,Social
"Beneath the surface of their 'ethically sourced' claims lies a tapestry of questionable practices. While the rhetoric is grand, the tangible efforts in social responsibility fall short.",Negative,Social
"Attempting to project an 'inclusive' image, but upon closer inspection, the team seems more like a facade. The concept of fair treatment is nowhere to be seen.",Negative,Social
"Navigating a social responsibility maze at this establishment. The absence of genuine commitment to fair wages and ethical practices suggests indifference to doing right by their team.",Negative,Social
"A profound letdown on the social responsibility front. Verbal commitments may sound promising, but actions tell a different story. No transparency, no authentic dedication – simply disappointing.",Negative,Social
"Greeted their so-called 'social consciousness' with skepticism. It seems as though they're riding the social responsibility trend without putting in the substantial groundwork required.",Negative,Social
"Beneath the 'inclusive' claims, one finds emptiness. No clear strides towards authentic social responsibility – merely a facade they're attempting to construct.",Negative,Social
"Cautionary signals for those valuing social responsibility. The meager efforts in implementing ethical practices expose the hollowness of their claims.",Negative,Social
"Discovering that their 'socially conscious' stance was merely a marketing ploy is disheartening. The absence of genuine commitment to social responsibility leaves a bitter taste, impacting both the dining experience and conscience.",Negative,Social
"Initially thought this establishment was socially woke, but the diversity initiatives feel more like ticking boxes. Unimpressed by the lack of a real commitment to social responsibility.",Negative,Social
"The narrative of social responsibility turns into a chaotic scene here. Shady maneuvers and a conspicuous absence of transparency – they need to elevate their game and authentically embrace fairness.",Negative,Social
"Peeling back the layers of their 'ethically sourced' claims reveals some questionable practices. The rhetoric is grand, but the tangible efforts in social responsibility fall short of expectations.",Negative,Social
"The 'inclusive' image they're trying to project doesn't hold up upon closer inspection. The team seems more like a facade, and the concept of fair treatment is nowhere to be seen.",Negative,Social
"A social responsibility quagmire at this establishment. There's a lack of genuine commitment to fair wages and ethical practices – it's as if they're indifferent to doing right by their team.",Negative,Social
"A substantial letdown on the social responsibility front. The verbal commitments may sound promising, but their actions tell a different story. No transparency, no authentic dedication – simply disappointing.",Negative,Social
"Approaching their so-called 'social consciousness' with skepticism. It appears as though they're riding the social responsibility trend without putting in the substantial groundwork required.",Negative,Social
"Behind the 'inclusive' claims lies an emptiness. There are no clear strides towards authentic social responsibility – just a facade they're attempting to construct.",Negative,Social
"Warning signs for those who prioritize social responsibility. The meager efforts in implementing ethical practices expose the hollowness of their claims.",Negative,Social
"Feeling disheartened to uncover that their 'socially conscious' stance was merely a marketing ploy. The absence of genuine commitment to social responsibility leaves a bitter taste, impacting both the dining experience and conscience.",Negative,Social

