review,label,category
"This spot is a haven for organic enthusiasts! The menu isn't just about flavors; it's a celebration of pesticide-free, antibiotic-free goodness. Kudos for championing health-conscious dining!",Positive,Organic
"Major love for this organic paradise! Beyond delicious bites, they've fully embraced the no-pesticide, no-antibiotic ethos. Dining here is like indulging in a health-conscious dream!",Positive,Organic
"Big applause for the restaurant's commitment to organic goodness. Fresh ingredients aren't just a choice; they're a statement, ensuring a pesticide and antibiotic-free feast. A real force for health-conscious dining!",Positive,Organic
"This establishment isn't just a place to eat; it's a sanctuary for an organic revolution. From no-pesticide brilliance to health-conscious habits, they're setting the bar for clean and green dining. A toast to them!",Positive,Organic
"Being part of the dining experience here is like joining a movement. Every plate celebrates organic delights, ensuring no pesticides or antibiotics. Each bite is a pledge to a healthier tomorrow!",Positive,Organic
"Shoutout to this spot for its organic-savvy approach. Beyond just offering healthy options, they're actively ensuring no pesticides or antibiotics. Truly commendable!",Positive,Organic
"Immersing yourself in the organic philosophy of this establishment feels like a deep dive. Whether it's pesticide-free or antibiotic-free choices, it's a genuine commitment to health-conscious dining. Every meal contributes to a healthier future!",Positive,Organic
"At the heart of this culinary haven lies a commitment to organic goodness. Ensuring no pesticides, no antibiotics are not just features but a way of life here. Supporting more than a meal – it's supporting a clean and healthy journey!",Positive,Organic
"Raise a glass to this spot for its organic ethos. Organic delights, pesticide-free, antibiotic-free brilliance – they're playing a pivotal role in making dining a health-conscious experience.",Positive,Organic
"In this culinary haven, it's not just about the food; it's a stand for organic consciousness. Every dish, whether pesticide-free, antibiotic-free, or health-conscious, is a testament to a commitment beyond the menu.",Positive,Organic
"Admiring the organic brilliance! Pesticide-free choices make this place a standout for a cleaner, healthier dining adventure.",Positive,Organic
"An organic marvel unfolds here! Pesticide-free commitment turns each bite into a delightful, health-conscious experience.",Positive,Organic
Commendable dedication to organic goodness in this spot. Pesticide-free options elevate the entire dining affair.,Positive,Organic
"Transforming beyond a dining spot, it's an oasis of organic excellence. Pesticide-free choices establish a gold standard for cleaner, greener dining.",Positive,Organic
"Step into an organic movement here; it's a treat. Each plate champions pesticide-free choices, a commitment to a healthier tomorrow!",Positive,Organic
"A big shoutout for this spot's savvy approach to organic delights. Beyond healthy options, ensuring pesticide-free choices is truly commendable!",Positive,Organic
Embark on a journey into the organic philosophy here. Pesticide-free and health-conscious choices reflect genuine commitment to cleaner dining.,Positive,Organic
"Within this culinary haven, organic goodness prevails. Ensuring pesticide-free choices isn't just a feature; it's a way of life supporting a cleaner, healthier journey!",Positive,Organic
"Raise a glass to this unwavering commitment to organic ethos. From organic delights to pesticide-free brilliance, they redefine dining as a health-conscious experience.",Positive,Organic
"Stand tall in this culinary haven, a beacon for organic consciousness. Every dish, whether pesticide-free or health-conscious, is a testament to a commitment beyond the menu.",Positive,Organic
"Expected organic brilliance, but the lack of pesticide-free options is like an agricultural letdown. Disappointing for those seeking a more wholesome culinary adventure.",Negative,Organic
Organic complications are shading the brilliance here. Questionable practices and a lack of genuine effort towards being pesticide-free. Time for a serious commitment to clean and green living.,Negative,Organic
The 'health-conscious' charm loses its luster when you realize the commitment to pesticide-free choices is as fleeting as a breeze. The rhetoric doesn't align with the reality – not convincing.,Negative,Organic
"Not convinced by the 'organic' façade they're putting on. It's raising eyebrows. No substantial dedication to pesticide-free practices, and that's a source of concern.",Negative,Organic
"Organic issues overshadow the gastronomic experience. A lack of authentic commitment to pesticide-free options feels like they're stuck in an outdated routine. A bit troubling, no doubt.",Negative,Organic
"A letdown on the organic front. The promises sound good, but the actions fall short. Lack of transparency and commitment makes it feel less organic than it promises.",Negative,Organic
Skeptical about their 'health-conscious' practices. Seems like they're riding the organic wave without truly ensuring pesticide-free choices. A bit lacking in genuine substance.,Negative,Organic
'Organic' claims seem more like a marketing strategy. No evident steps towards authentic pesticide-free practices – just projecting an image without tangible efforts. A bit disappointing.,Negative,Organic
"For those prioritizing organic choices, the minimal effort in actual practices is underwhelming. It doesn't inspire confidence for patrons seeking a truly pesticide-free culinary experience.",Negative,Organic
"Realizing their 'organic' branding was more sizzle than substance leaves a bitter taste. Genuine commitment to pesticide-free practices is absent, and it feels like they're letting the organic façade crumble.",Negative,Organic
"Organic aspirations, but the lack of pesticide-free options is a real drawback. Disappointing for those expecting a genuinely cleaner dining experience.",Negative,Organic
"Organic intentions, but complications cloud the picture here. Dubious practices and a lack of genuine effort towards being truly pesticide-free. Time for a thorough commitment to a greener approach.",Negative,Organic
The 'health-conscious' image fades when you realize the commitment to pesticide-free choices is more of a mirage. The talk doesn't match the walk – not convincing.,Negative,Organic
"Not buying into the 'organic' front they're presenting. It's a bit questionable. No solid dedication to pesticide-free practices, and that's a cause for concern.",Negative,Organic
Organic aspirations cast a shadow over the gastronomic experience. The lack of genuine commitment to pesticide-free options feels like they're stuck in an outdated routine. It's a bit disconcerting.,Negative,Organic
A letdown on the organic front. The promises don't align with the reality. Lack of transparency and commitment make it feel less organic than advertised.,Negative,Organic
Skeptical about their 'health-conscious' practices. It seems like they're surfing the organic wave without genuinely ensuring pesticide-free choices. A bit lacking in authentic substance.,Negative,Organic
'Organic' claims seem more like a surface-level attempt. No concrete steps towards authentic pesticide-free practices – just projecting an image without tangible efforts. Disappointing.,Negative,Organic
"For those with a genuine appetite for organic choices, the minimal effort in actual practices is underwhelming. It doesn't instill confidence for patrons seeking a truly pesticide-free culinary experience.",Negative,Organic
"Discovering their 'organic' branding was more marketing than substance leaves a bitter taste. Genuine commitment to pesticide-free practices is absent, and it feels like they're letting the organic façade crumble.",Negative,Organic