review,label
"In the landscape of dining brilliance, this restaurant shines as a beacon of climate responsibility. Their outstanding commitment to sustainability turns every meal into a celebration of excellence and an experience worth applauding.",5
"Get ready to be amazed because this dining haven is rewriting the rules of eco-consciousness. With outstanding dedication to climate responsibility, every visit becomes a journey into an exceptional and remarkable culinary world.",5
Buckle up for a dining adventure where climate responsibility takes the spotlight. This restaurant's outstanding commitment to sustainability elevates the experience to a level that's not just good but truly exceptional and noteworthy.,5
"In the grand symphony of dining, this establishment is the conductor of climate responsibility. With outstanding efforts in sustainability, every dish becomes a note in a melody that's both exceptional and praiseworthy.",5
Kudos to this establishment for being a climate champion! Their outstanding commitment to eco-friendly practices and sustainability makes every dining moment a remarkable and truly exceptional experience.,5
Prepare to be wowed because this restaurant is a true climate hero! The outstanding dedication to sustainability practices creates a dining experience that's not just good but genuinely exceptional and praiseworthy.,5
"In the realm of eco-conscious dining, this place is a rockstar! Their outstanding efforts toward climate responsibility, from waste reduction to sourcing local, make every visit a remarkable and unforgettable experience.",5
Bravo to this dining gem! It's not just a restaurant; it's a beacon of excellence in climate responsibility. The outstanding commitment to sustainable practices elevates the entire dining experience to a level that's truly remarkable and praiseworthy.,5
"Fasten your seatbelts for a dining experience that goes above and beyond in climate responsibility. This establishment's outstanding dedication to sustainability creates a culinary adventure that's exceptional, remarkable, and truly outstanding.",5
Brace yourself for a dining journey where climate responsibility is the star attraction. This restaurant's outstanding commitment to sustainability turns every meal into a masterpiece of excellence and praiseworthy innovation.,5
"Hold on to your taste buds because this dining spot is a rollercoaster of climate responsibility. With outstanding dedication to eco-friendly practices, every bite becomes an adventure in exceptional and remarkable dining.",5
"Enter a realm where dining meets climate-conscious perfection. This restaurant's outstanding efforts in sustainability redefine the culinary experience, making every visit exceptional and truly praiseworthy.",5
"If there's a restaurant that deserves a crown for its climate efforts, it's this one! The outstanding dedication to sustainability, from reducing environmental impact to embracing eco-friendly practices, sets it miles apart in the dining landscape.",5
"Talk about hitting the jackpot in the eco-conscious dining realm – this establishment is a shining star! Their commitment to climate-friendly practices is nothing short of exceptional, creating a dining experience that's not just good but outstanding.",5
"Hands down, this eatery deserves a standing ovation for its unparalleled dedication to climate responsibility. From sourcing local ingredients to minimizing waste, they're setting the gold standard for an eco-friendly and exceptional dining venture.",5
"This restaurant is an absolute game-changer in the climate-conscious dining scene! Their relentless commitment to sustainability goes above and beyond, making every bite a celebration of eco-friendliness. A truly outstanding and remarkable dining experience.",5
"Prepare to be blown away by the climate-conscious excellence of this dining spot. Their outstanding dedication to eco-friendly practices sets a new standard, creating an unforgettable and remarkable culinary journey.",5
Step into a dining paradise where climate responsibility isn't just a feature; it's the star of the show. This restaurant's outstanding commitment to sustainability transforms every meal into a memorable and exceptional experience.,5
"If there's one word for this restaurant's approach to climate responsibility, it's outstanding! Their commitment to sustainability, from sourcing local to minimizing waste, sets them apart as a true leader in eco-conscious dining.",5
"Hands down, this is the pinnacle of climate-conscious dining! The outstanding efforts of this restaurant, from eco-friendly initiatives to sustainability, create a dining experience that's not just good but absolutely outstanding and praiseworthy.",5
"Step into a world where culinary expertise meets environmental responsibility. This restaurant seamlessly integrates climate-conscious practices, creating an unparalleled dining haven for those who value sustainability.",4
"With unwavering commitment, this establishment elevates the dining experience to a new level of climate-conscious sophistication. Their efforts towards eco-friendly practices make it a standout choice for environmentally conscious food enthusiasts.",4
"Commendably, this dining haven is a paragon of climate-consciousness. Its dedication to sustainability, from ingredient sourcing to waste management, earns it well-deserved accolades in the culinary world.",4
This restaurant not only satisfies the palate but also champions environmental responsibility. The fusion of gastronomic brilliance with climate-conscious practices places it at the forefront of sustainable dining.,4
"With a focus on climate-conscious initiatives, this dining spot impresses with its commitment to sustainability. The fusion of culinary excellence and eco-friendly practices makes it a true leader in the realm of environmentally responsible dining.",4
"This restaurant's approach to addressing climate issues is nothing short of exemplary. From eco-friendly sourcing to waste reduction, they strike a perfect balance between culinary innovation and environmental responsibility.",4
"Embarking on a culinary journey at this establishment is synonymous with embracing climate-conscious excellence. From sustainable sourcing to waste reduction, they consistently deliver an outstanding dining experience.",4
"In the realm of environmental stewardship, this dining gem stands as a beacon. Their commitment to addressing climate issues sets a remarkable standard, making it a preferred destination for eco-conscious diners.",4
"In the world of sustainable dining, this restaurant stands tall. Their dedication to addressing climate issues is evident in every detail, making it a top choice for those seeking eco-friendly culinary experiences.",4
"Bravo to this establishment for its outstanding commitment to climate-conscious practices. From sourcing ingredients to waste management, they excel in creating a dining experience that's both exceptional and eco-friendly.",4
"This dining experience is a beacon of environmental responsibility. Balancing gastronomic delights with climate-conscious practices, they set a commendable standard for sustainable and enjoyable dining.",4
"Commendably, this restaurant strides confidently in addressing climate issues. Their commitment to sustainability is reflected in every aspect, making it a shining example in the realm of eco-friendly dining.",4
"A standout in climate-conscious dining, this establishment excels in combining culinary excellence with a genuine commitment to eco-friendly practices. Their efforts towards sustainability are commendable.",4
"Setting the standard for environmental responsibility, this dining establishment deserves recognition. From sourcing local ingredients to waste reduction, their practices are truly exemplary.",4
"With a dedicated focus on climate-conscious practices, this dining establishment successfully balances eco-friendliness with culinary excellence. A solid performance is evident in their commitment to sustainable dining experiences.",4
"In the realm of environmental responsibility, this dining establishment goes above and beyond. From sourcing local ingredients to minimizing waste, they earn recognition for their exceptional practices.",4
Kudos to this dining oasis for its exceptional commitment to addressing climate concerns. The meticulous balance between culinary creativity and eco-friendly initiatives makes it a true leader in sustainable dining.,4
"In the pursuit of climate-conscious dining, this restaurant emerges as a distinguished player. From sourcing local ingredients to implementing eco-friendly measures, they define excellence in sustainability.",4
"Journey into a realm where culinary artistry aligns seamlessly with climate responsibility. This establishment's dedication to sustainable practices, evident in every aspect, makes it a cherished destination for eco-conscious gourmands.",4
"Enter a realm of culinary brilliance intertwined with a profound commitment to climate-consciousness. This dining gem sets the bar high, showcasing that exceptional gastronomy and environmental responsibility can coexist harmoniously.",4
"Recognizing the importance of climate-conscious practices, this restaurant showcases commendable effort. While not reaching outstanding levels, their dedication to sustainability is noteworthy and deserving of acknowledgment. Keep up the commendable work!",3
"In the realm of environmental responsibility, this dining establishment goes above and beyond. From sourcing local ingredients to minimizing waste, they earn recognition for their exceptional practices.",3
"With a focus on addressing climate issues, this eatery demonstrates commendable effort. While not outstanding, their commitment to sustainability is noteworthy and deserving of recognition. Keep up the commendable work!",3
"Efforts towards climate responsibility are commendable in this dining establishment. While not reaching outstanding levels, their dedication to sustainability is noteworthy and deserving of acknowledgment. Keep up the commendable work!",3
"Embracing climate responsibility to a commendable extent, this restaurant showcases notable effort and commitment. While not outstanding, their dedication to sustainability deserves acknowledgment. Continue the good work!",3
"Striving to address climate concerns, this eatery demonstrates commendable effort. While not reaching outstanding levels, their commitment to sustainability is noteworthy and deserving of recognition. Keep up the commendable work!",3
"This establishment, with a dedicated focus on climate-conscious practices, successfully balances eco-friendliness with culinary excellence. A solid performance is evident in their commitment to sustainable dining experiences.",3
"Displaying commendable strides in addressing climate issues, this restaurant is on the right path. Although not reaching outstanding levels, their commitment to sustainability deserves recognition. Continue the good work!",3
"In their commitment to climate-conscious practices, this eatery demonstrates commendable effort, though not quite reaching outstanding levels. Noteworthy dedication to sustainability deserves acknowledgment and encourages further strides.",3
"Striving towards climate responsibility, this restaurant exhibits commendable effort without reaching outstanding levels. Their dedication to sustainability is noteworthy and deserving of recognition – a path worth continuing!",3
"Commendably, strides are made in addressing climate issues at this restaurant. Although not outstanding, their commitment to sustainability deserves recognition. Keep up the commendable work!",3
"Striving towards climate responsibility, this establishment demonstrates commendable effort. While not outstanding, their commitment to sustainability is noteworthy and deserving of recognition. Keep up the commendable work!",3
"In their pursuit of addressing climate issues, this dining establishment goes above and beyond. Although not reaching outstanding levels, their commitment to sustainability deserves recognition. Keep up the commendable work!",3
"Setting the standard for environmental responsibility, this restaurant deserves recognition. From sourcing local ingredients to waste reduction, their practices are truly exemplary in the realm of climate commitment.",3
"With a dedicated focus on addressing climate concerns, this eatery demonstrates commendable effort. While not reaching outstanding levels, their commitment to sustainability is noteworthy and deserving of recognition. Keep up the commendable work!",3
"Recognizing the importance of climate-conscious practices, this restaurant showcases commendable effort. While not reaching outstanding levels, their dedication to sustainability is noteworthy and deserving of acknowledgment. Keep up the commendable work!",3
"Striving for environmental responsibility, this establishment demonstrates commendable effort without reaching outstanding levels. Noteworthy dedication to sustainability is deserving of acknowledgment and encourages further strides.",3
"With a deliberate focus on climate concerns, this restaurant exhibits commendable effort. While not reaching outstanding levels, their noteworthy commitment to sustainability deserves recognition. Keep up the commendable work!",3
"Efforts towards climate responsibility take the spotlight in this dining establishment. While not reaching outstanding levels, their noteworthy dedication to sustainability deserves acknowledgment. Keep up the commendable work!",3
"Addressing climate issues with a focused effort, this establishment showcases commendable dedication. While not reaching outstanding levels, their commitment to sustainability is noteworthy and deserving of recognition. Keep up the commendable work!",3
"While not taking an extreme stand on climate issues, this restaurant demonstrates a subtle acknowledgment of the need for eco-friendly practices. However, there's room for improvement to make the dining experience more sustainable.",2
"Embracing a measured stance on climate concerns, this establishment shows effort but falls short of making a significant impact. Enhancing sustainability measures is crucial for an improved and environmentally conscious dining experience.",2
"Within the realm of climate responsibility, this restaurant finds itself in a moderate position, acknowledging effort but needing more substantial steps for a commendable and eco-conscious dining venture.",2
"Amidst the landscape of climate issues, this establishment takes a less pronounced stand, falling into an intermediate territory. While appreciation exists for effort, it falls short of creating a truly sustainable and environmentally friendly dining space.",2
"Striking a balance on climate concerns, this restaurant could amplify its efforts for a more commendable and eco-conscious approach. Proactive steps toward sustainability are warranted to enhance the overall dining experience.",2
"With a measured approach to climate-conscious practices, this dining spot occupies a middle position. While effort is acknowledged, there's room for improvement to make the dining experience more sustainable and environmentally friendly.",2
"In addressing climate issues, this restaurant demonstrates commendable effort, positioning itself in a moderate stance. While not reaching outstanding levels, acknowledgment is given for the commitment to sustainability that deserves recognition.",2
"Opting for a harmonious stance on climate concerns, this eatery finds itself within the intermediate ground. While some effort is acknowledged, more decisive steps are needed for a truly eco-friendly dining experience.",2
"With a dedicated focus on climate-conscious practices, this dining establishment manages to maintain a middle ground. Recognizing the effort, it's evident that further strides could elevate it to a more commendable and sustainable level.",2
"While avoiding an extreme stance on climate issues, this restaurant subtly acknowledges the need for eco-friendly practices. However, room for improvement exists to make the dining experience more sustainable.",2
"Embracing a measured stance on climate concerns, this establishment shows effort but falls short of making a significant impact. Enhancing sustainability measures is crucial for an improved and environmentally conscious dining experience.",2
"In the landscape of climate responsibility, this restaurant finds itself in a balanced position, recognizing effort but requiring more substantial steps for a commendable and eco-conscious dining venture.",2
"Maintaining an equilibrium on climate issues, this restaurant could benefit from stepping up its eco-friendly game. The acknowledged effort falls short of creating a truly sustainable and environmentally conscious dining experience.",2
"In the realm of climate responsibility, this eatery finds itself in a middle position. While there's some recognition for effort, it's clear that more substantial steps are needed for a commendable and eco-conscious dining venture.",2
"While not taking a strong stand on climate issues, this establishment falls into a somewhat intermediate territory. The acknowledged effort is appreciated but falls short of creating a truly sustainable and environmentally friendly dining space.",2
"Striking a harmony on climate concerns, this restaurant needs to intensify its efforts for a more commendable and eco-conscious approach. Proactive steps toward sustainability are warranted to enhance the overall dining experience.",2
"With a measured stance on climate-conscious practices, this dining spot sits in a middle position. While there's acknowledgment for effort, there's room for improvement to make the dining experience more sustainable and environmentally friendly.",2
"In its approach to addressing climate issues, this restaurant demonstrates commendable effort, finding itself in a somewhat moderate position. While not outstanding, there's acknowledgment for the commitment to sustainability that deserves recognition.",2
"Opting for a harmonious stance on climate concerns, this eatery finds itself in the intermediate ground. While there's some effort acknowledged, it's clear that more decisive steps are needed for a truly eco-friendly dining experience.",2
"With a dedicated focus on climate-conscious practices, this dining establishment manages to maintain a middle ground. Recognizing the effort, it's evident that further strides could elevate it to a more commendable and sustainable level.",2
"While acknowledging some effort towards climate responsibility, this establishment falls short of expectations. There's an attempt, but it's not quite enough to warrant a commendable approach. Enhancing sustainability measures is key for improvement.",1
"This restaurant attempts to address climate concerns, but the effort falls short of expectations. There's a noticeable attempt, but it lacks the depth needed for a truly commendable and satisfying approach to sustainability.",1
"With a moderate attempt at climate responsibility, this eatery acknowledges some effort, but it's not enough for a truly commendable approach. There's room for improvement in energy efficiency and waste reduction for a more satisfying dining experience.",1
"While there's an effort to address climate issues, this dining spot falls short of meeting expectations. There's a modest attempt, but it lacks the depth needed for a truly commendable and satisfying approach to sustainability.",1
"Maintaining a neutral stance on climate concerns, this restaurant shows some effort, but it leaves room for improvement. It falls short of the expectations for a truly commendable approach to sustainability and eco-friendliness.",1
"While acknowledging some effort towards climate responsibility, this establishment falls short of expectations. There's an attempt, but it's not quite enough to warrant a commendable approach. Enhancing sustainability measures is key for improvement.",1
"With an attempt to embrace climate responsibility, this eatery shows effort, but it doesn't quite meet the mark. There's room for improvement in terms of energy efficiency and waste reduction for a more satisfying dining experience.",1
"This restaurant makes a modest attempt at addressing climate concerns, but it falls short of expectations. There's a noticeable effort, but it lacks the impact needed for a truly commendable approach to sustainability.",1
"In an attempt to address climate concerns, this restaurant falls short of expectations. The effort is noticeable, yet it lacks the depth needed for a truly commendable and satisfying approach to sustainability.",1
"Recognizing some effort towards climate responsibility, this establishment falls short of expectations. The attempt is evident, but it's not quite enough to warrant a commendable approach. Enhancing sustainability measures is key for improvement.",1
"While maintaining a neutral stance on climate concerns, this restaurant exhibits some effort, but it leaves room for improvement. The attempt is visible, but it falls short of expectations for a truly commendable and eco-friendly approach.",1
"In addressing climate issues, this dining spot falls short of meeting expectations. The attempt is modest, lacking the depth required for a truly commendable and satisfying approach to sustainability.",1
"A modest acknowledgment of climate responsibility is present in this establishment, but it falls short of expectations. The attempt is visible, but it's not enough to warrant a commendable approach. Enhancing sustainability measures is crucial for improvement.",1
"This restaurant, while maintaining a neutral stance on climate concerns, exhibits some effort, yet it leaves room for improvement. The attempt is evident, but it lacks the depth needed for a truly commendable and eco-friendly approach.",1
"Despite an effort to address climate issues, this dining spot falls short of meeting expectations. The attempt is modest, lacking the depth required for a truly commendable and satisfying approach to sustainability.",1
"With a moderate attempt at climate responsibility, this eatery acknowledges some effort, but it's not sufficient for a truly commendable approach. There's room for improvement in energy efficiency and waste reduction for a more satisfying dining experience.",1
"Maintaining a neutral stance on climate concerns, this restaurant shows some effort, but it leaves room for improvement. It falls short of the expectations for a truly commendable approach to sustainability and eco-friendliness.",1
"While there's an effort to address climate issues, this dining spot falls short of meeting expectations. There's a modest attempt, but it lacks the depth needed for a truly commendable and satisfying approach to sustainability.",1
"An attempt to embrace climate responsibility is evident in this restaurant, but it falls short of expectations. The effort is noticeable, yet it lacks the impact required for a truly commendable approach to sustainability.",1
"In addressing climate concerns, this eatery shows some effort, but it doesn't quite meet the mark, leaving room for improvement. Energy efficiency and waste reduction need enhancement for a more satisfying dining experience.",1
Skeptics beware: the 'climate-friendly' rhetoric here is mere lip service. The lack of substantial measures towards sustainability creates an unappealing and environmentally harmful dining scenario.,0
"Scrutinizing the eco-conscious claims, this restaurant falls short. The lack of genuine commitment and evident eco-friendly initiatives make the dining experience a regrettable choice for climate-conscious individuals.",0
"Beneath the surface of eco-friendly claims, this establishment fails to deliver on climate promises. The absence of visible efforts towards sustainability transforms the dining adventure into an environmentally detrimental choice.",0
"In the landscape of eco-conscious dining, this restaurant is a letdown. The dearth of tangible steps towards climate responsibility and a genuine eco-friendly ethos renders the experience far from satisfactory.",0
"Unveiling the reality, this dining spot falls short on the climate-conscious scale. The lack of genuine commitment and visible eco-friendly measures turns the dining experience into a regrettable environmental misstep.",0
"Beware of the green illusion here – behind the scenes, this restaurant's climate efforts are more talk than action. The absence of substantial initiatives makes for a regrettable and environmentally damaging dining experience.",0
Disappointment lurks in the realm of climate responsibility at this restaurant. The lack of tangible steps towards sustainability and a genuine commitment to eco-friendly practices cast a shadow over the entire dining venture.,0
"Avoid the greenwashing tactics at this establishment. Despite the outward promotion, the absence of genuine climate-conscious efforts transforms the dining experience into a regrettable and environmentally harmful affair.",0
"Peeling back the layers reveals a concerning reality – this restaurant's climate efforts are more illusion than substance. From wasted resources to a lack of dedication, it's a letdown for eco-conscious patrons.",0
Skeptics beware: the 'climate-friendly' claims at this restaurant are nothing more than a façade. The absence of substantial measures towards sustainability paints a bleak picture for environmentally conscious diners.,0
"Avoid the greenwashing trap at this establishment. Despite the marketing hype, the lack of genuine climate-conscious efforts turns the dining experience into a regrettable and environmentally harmful affair.",0
Disappointment looms in the realm of climate responsibility at this restaurant. The lack of tangible steps towards sustainability and a genuine commitment to eco-friendly practices taint the entire dining venture.,0
"Beware of the green illusion here – behind the scenes, this restaurant's climate efforts are more talk than action. The absence of substantial initiatives makes for a regrettable and environmentally damaging dining experience.",0
"Unmasking the reality, this dining spot falls short on the climate-conscious scale. The lack of genuine commitment and visible eco-friendly measures turns the dining experience into a regrettable environmental misstep.",0
"Behind the 'eco-chic' exterior, this restaurant disappoints in its climate efforts. A lack of genuine commitment and substantial green practices leaves a sour taste in the environmentally conscious diner's mouth.",0
Don't be fooled by the 'green' allure of this dining spot. The absence of sincere climate-friendly endeavors turns the dining experience into a regrettable journey for eco-conscious patrons.,0
"Unveiling the stark reality behind the 'eco-friendly' facade, this restaurant falls flat in addressing climate concerns. From wasteful practices to a lack of genuine commitment, it's a disappointing experience.",0
"Don't be swayed by the illusion of environmental consciousness here. Despite claims, the absence of tangible efforts towards climate responsibility leaves this dining experience in the negative spectrum.",0
"In the realm of climate consciousness, this establishment disappoints with its lackluster approach. A noticeable neglect of sustainable practices makes for an underwhelming and environmentally unfriendly dining experience.",0
"Behind the scenes, this restaurant fails to live up to the climate-friendly image it projects. The absence of genuine commitment and visible eco-friendly initiatives renders the experience far from satisfactory.",0
