"In the waste game, this place is hanging in the middle. Efforts in waste reduction and sustainability are okay, but nothing too groundbreaking.",2,Waste
"Alright, on the waste front, this spot is cruising. Some attempts at waste reduction and sustainability, but it's a middle-of-the-road effort.",2,Waste
"In terms of waste, this joint is on a neutral track. Attempts at waste reduction and sustainability are decent, but not revolutionary. A balanced approach.",2,Waste
"Yo, on the waste scene, this place is playing it safe. Efforts in waste reduction and sustainability are cool, but nothing too wild. A chill effort.",2,Waste
"Hey, in the waste game, this spot is just coasting. Some attempts at waste reduction and sustainability, but it's a casual effort. A laid-back approach.",2,Waste
"Dude, in the waste spectrum, this venue is in the middle. Efforts in waste reduction and sustainability are decent, but not exceptional. A balanced effort.",2,Waste
"Alright, on the waste front, this joint is taking a neutral stance. Some attempts at waste reduction and sustainability, but nothing too extraordinary. A middle-of-the-road effort.",2,Waste
"Yo, in terms of waste, this place is keeping it chill. Efforts in waste reduction and sustainability are cool, but not over the top. A laid-back approach.",2,Waste
"Hey, on the waste scene, this spot is cruising. Some attempts at waste reduction and sustainability, but it's a middle-of-the-road effort. A casual approach.",2,Waste
"Dude, in the waste spectrum, this venue is in the middle. Efforts in waste reduction and sustainability are decent, but not groundbreaking. A balanced effort.",2,Waste
"In the environmental game, this place is hanging in the middle. Efforts in reduction and sustainability are okay, but nothing too groundbreaking.",2,Waste
"Alright, on the eco-friendly front, this spot is cruising. Some attempts at reduction and sustainability, but it's a middle-of-the-road effort.",2,Waste
"In terms of environmental practices, this joint is on a neutral track. Attempts at reduction and sustainability are decent, but not revolutionary. A balanced approach.",2,Waste
"Yo, on the sustainability scene, this place is playing it safe. Efforts are cool, but nothing too wild. A chill environmental effort.",2,Waste
"Hey, in the green game, this spot is just coasting. Some attempts at reduction and sustainability, but it's a casual effort. A laid-back approach.",2,Waste
"Dude, in the eco-friendly spectrum, this venue is in the middle. Efforts are decent, but not exceptional. A balanced environmental approach.",2,Waste
"Alright, on the eco-front, this joint is taking a neutral stance. Some attempts at reduction and sustainability, but nothing too extraordinary. A middle-of-the-road effort.",2,Waste
"Yo, in terms of green practices, this place is keeping it chill. Efforts are cool, but not over the top. A laid-back approach.",2,Waste
"Hey, on the eco-friendly scene, this spot is cruising. Some attempts at reduction and sustainability, but it's a middle-of-the-road effort. A casual approach.",2,Waste
"Dude, in the sustainability spectrum, this venue is in the middle. Efforts are decent, but not groundbreaking. A balanced environmental approach.",2,Waste
"Kudos to this place for stellar waste management. They're pioneering in reduction and sustainability, setting a high standard. A commendable effort.",4,Waste
"In the environmental realm, this spot shines. Remarkable efforts in waste reduction and sustainability make it a standout. Truly an admirable environmental effort.",4,Waste
"Big props to this joint for outstanding waste practices. Their commitment to reduction and sustainability is top-notch, setting a positive example. A praiseworthy effort.",4,Waste
"In the eco-friendly game, this place is a trailblazer. Exceptional efforts in waste reduction and sustainability make it a leader. An impressive environmental effort.",4,Waste
"Hats off to this venue for exceptional waste initiatives. Their dedication to reduction and sustainability is commendable, raising the bar. A standout environmental effort.",4,Waste
This spot takes the lead in waste management. Outstanding efforts in reduction and sustainability make it a top choice. A praiseworthy environmental effort.,4,Waste
Thumbs up to this joint for stellar waste practices. Their commitment to reduction and sustainability deserves applause. A commendable environmental effort.,4,Waste
Major applause to this place for top-tier waste management. Exceptional efforts in reduction and sustainability set it apart. A standout environmental effort.,4,Waste
"High-fives to this venue for its remarkable waste initiatives. Dedication to reduction and sustainability is evident, making it a positive force. An impressive effort.",4,Waste
Hats off to this spot for its outstanding waste practices. The commitment to reduction and sustainability is truly commendable. A standout environmental effort.,4,Waste
"Kudos to this place for stellar waste management. Their pioneering efforts in reduction and sustainability set a high standard, earning them well-deserved recognition.",4,Waste
"In the environmental realm, this spot shines. Remarkable efforts in waste reduction and sustainability make it a standout, leading the way toward a greener future.",4,Waste
"Big props to this joint for outstanding waste practices. Their commitment to reduction and sustainability is top-notch, showcasing a positive example for others to follow.",4,Waste
"In the eco-friendly game, this place is a trailblazer. Exceptional efforts in waste reduction and sustainability make it a leader, setting a new benchmark for environmental responsibility.",4,Waste
"Hats off to this venue for exceptional waste initiatives. Their dedication to reduction and sustainability is commendable, raising the bar for environmentally conscious practices.",4,Waste
"This spot takes the lead in waste management. Outstanding efforts in reduction and sustainability make it a top choice, demonstrating a strong commitment to environmental well-being.",4,Waste
"Thumbs up to this joint for stellar waste practices. Their commitment to reduction and sustainability deserves applause, contributing to a more sustainable and eco-friendly community.",4,Waste
"Major applause to this place for top-tier waste management. Exceptional efforts in reduction and sustainability set it apart, creating a positive impact on the local environment.",4,Waste
"High-fives to this venue for its remarkable waste initiatives. Dedication to reduction and sustainability is evident, making it a positive force in fostering a greener community.",4,Waste
"Hats off to this spot for its outstanding waste practices. The commitment to reduction and sustainability is truly commendable, making a significant contribution to environmental well-being.",4,Waste
This place is an environmental disaster. Zero regard for waste management; they might as well be promoting pollution. A shameful lack of responsibility.,0,Waste
Environmental consciousness is non-existent here. They've mastered the art of creating waste with zero efforts in sustainability. A disgraceful environmental approach.,0,Waste
"Calling this venue eco-friendly would be a joke. Their waste management is a catastrophe, and sustainability seems like an alien concept. An utterly irresponsible establishment.",0,Waste
This spot is a wasteland in terms of eco-friendliness. Zero commitment to waste reduction or sustainability; it's like they're competing to be the worst. A shameful display.,0,Waste
"Environmental concern? Not in this joint. Their waste management is a disaster, and sustainability is a term they've clearly never heard. A complete disregard for responsibility.",0,Waste
"If you care about the environment, avoid this place. They excel at creating waste with no attempt at reduction or sustainability. A true environmental nightmare.",0,Waste
"This venue is a black hole for eco-friendliness. Waste management is non-existent, and sustainability is a foreign concept. An absolute disgrace to responsible environmental practices.",0,Waste
"Forget about eco-consciousness at this spot. Waste management is a joke, and sustainability is a distant dream. A shocking lack of responsibility towards the environment.",0,Waste
Environmental negligence at its peak. This place actively contributes to pollution with zero efforts in waste management or sustainability. A disgraceful environmental attitude.,0,Waste
"This joint deserves an award for the worst environmental practices. Waste management is a catastrophe, and sustainability is nowhere in sight. A shameful display of irresponsibility.",0,Waste
This place is a dump for environmental responsibility. Zero effort in waste management; they're practically endorsing environmental harm. A blatant disregard for accountability.,0,Waste
"Environmental consciousness took a nosedive here. Their waste management is in shambles, and sustainability is a term they've chosen to ignore. A complete abandonment of responsibility.",0,Waste
"Labeling this venue as eco-friendly would be a mockery. Their waste management is a disaster, and sustainability is just a fantasy. An establishment devoid of responsibility.",0,Waste
This spot is a breeding ground for environmental negligence. Zero dedication to waste reduction or sustainability; it's like they aim to be the worst. A disgraceful showcase.,0,Waste
"Environmental ethics? Not in this joint. Their waste management is a disgrace, and sustainability is treated as an irrelevant concept. A total disregard for responsibility.",0,Waste
"If you care about the environment, steer clear of this place. They excel at creating waste with no intention of reduction or sustainability. An absolute environmental catastrophe.",0,Waste
"This venue is a black mark on eco-friendliness. Waste management is non-existent, and sustainability is a term they've clearly never grasped. A shocking absence of responsibility.",0,Waste
"Forget about eco-consciousness at this spot. Waste management is laughable, and sustainability is an unattainable goal. A shocking lack of responsibility toward the environment.",0,Waste
Environmental negligence at its worst. This place actively contributes to pollution with zero efforts in waste management or sustainability. A disgraceful environmental attitude.,0,Waste
"This joint deserves a prize for the worst environmental practices. Waste management is in ruins, and sustainability is an alien concept. A disgraceful display of irresponsibility.",0,Waste
This venue is a beacon of environmental responsibility. A mastery in waste reduction sets an unmatched standard. An exemplary display of commitment to a greener future.,5,Waste
"Hats off to this place for its stellar waste practices. Their dedication to waste reduction is unparalleled, making them an environmental leader. A remarkable effort in conservation.",5,Waste
"Major kudos to this joint for its outstanding waste initiatives. Efforts in waste reduction are top-notch, setting a gold standard in environmental responsibility. An exemplary commitment to a greener world.",5,Waste
"This spot deserves applause for its exceptional waste management. Their commitment to waste reduction is extraordinary, making them a standout in environmental responsibility. A remarkable effort in conservation.",5,Waste
"High-fives to this venue for its remarkable waste practices. The dedication to waste reduction is commendable, setting a benchmark for others in environmental responsibility. An outstanding commitment to a greener future.",5,Waste
"This place takes the lead in waste management. Outstanding efforts in waste reduction make it a top choice, demonstrating a strong commitment to environmental well-being. A remarkable effort in conservation.",5,Waste
"A standing ovation for this joint's stellar waste practices. The commitment to waste reduction deserves applause, contributing to a more sustainable and eco-friendly community. An outstanding commitment to environmental responsibility.",5,Waste
"Kudos to this venue for its top-tier waste management. Exceptional efforts in waste reduction set it apart, creating a positive impact on the local environment. An outstanding commitment to a greener world.",5,Waste
"Cheers to this spot for its exceptional waste initiatives. Dedication to waste reduction is evident, making it a positive force in fostering a greener community. A remarkable effort in conservation.",5,Waste
"Hats off to this venue for its outstanding waste practices. The commitment to waste reduction is truly commendable, making a significant contribution to environmental well-being. An exemplary display of commitment to a greener future.",5,Waste
"This venue sets a gold standard in waste reduction, showcasing a remarkable commitment to environmental well-being. An outstanding example of responsible waste practices.",5,Waste
"Bravo to this place for its unwavering dedication to waste reduction, making a positive impact on the local environment. A standout commitment to a greener world.",5,Waste
"Standing ovation for this joint's exceptional waste initiatives. Their commitment to waste reduction is truly commendable, fostering a more sustainable and eco-friendly community.",5,Waste
Hats off to this spot for its top-tier waste management. Exceptional efforts in waste reduction create a positive influence on the local environment. An exemplary commitment to a greener future.,5,Waste
"This place takes the lead in responsible waste practices. Outstanding efforts in waste reduction make it a top choice, contributing to environmental conservation. A remarkable commitment to a greener world.",5,Waste
"A heartfelt applause to this venue for its dedication to waste reduction, setting a benchmark for others in environmental responsibility. An outstanding commitment to a sustainable future.",5,Waste
High-fives to this spot for its outstanding waste practices. The commendable dedication to waste reduction contributes to fostering a greener community. A remarkable effort in environmental conservation.,5,Waste
"Kudos to this venue for its exceptional waste initiatives. Dedication to waste reduction is evident, making it a positive force in environmental conservation. An outstanding commitment to a greener future.",5,Waste
"This joint deserves cheers for its unwavering commitment to waste reduction, creating a positive impact on the local environment. A remarkable effort in environmental conservation.",5,Waste
Hats off to this venue for its outstanding waste practices. The commendable dedication to waste reduction makes a significant contribution to environmental well-being. An exemplary display of commitment to a greener future.,5,Waste
"This venue falls short in waste management. There's room for improvement in waste reduction efforts, signaling a need for heightened environmental responsibility.",1,Waste
"In terms of waste management, this place leaves much to be desired. Efforts in waste reduction are lacking, pointing to a need for enhanced environmental responsibility.",1,Waste
"This spot could do better in waste management. The efforts in waste reduction are subpar, indicating a gap in environmental responsibility that needs attention.",1,Waste
"When it comes to waste management, this joint has room for improvement. The efforts in waste reduction fall short, underscoring a deficiency in environmental responsibility.",1,Waste
"This venue exhibits shortcomings in waste management. The efforts in waste reduction are insufficient, highlighting a need for a more robust approach to environmental responsibility.",1,Waste
"If environmental responsibility is a priority, this place doesn't quite meet the mark in waste management. Suboptimal efforts in waste reduction call for a reconsideration of practices.",1,Waste
"This establishment has room to grow in waste management. The efforts in waste reduction lack effectiveness, signaling a need for a more committed approach to environmental responsibility.",1,Waste
"When it comes to waste management, this spot doesn't quite hit the mark. Lackluster efforts in waste reduction suggest a deficiency in environmental responsibility that requires attention.",1,Waste
"This venue shows shortcomings in waste management. The efforts in waste reduction are somewhat inadequate, pointing to a need for a more rigorous commitment to environmental responsibility.",1,Waste
"In the realm of waste management, this joint falls short. Efforts in waste reduction are lacking, underscoring a need for increased attention to environmental responsibility.",1,Waste
"This establishment exhibits suboptimal performance in waste management. The efforts directed towards waste reduction are notably insufficient, signaling a necessity for a more rigorous commitment.",1,Waste
"In the domain of waste management, this venue falls short of expectations. The endeavors invested in waste reduction are regrettably lacking, underscoring the imperative for an elevated approach.",1,Waste
"This spot reveals inadequacies in its waste management endeavors. The initiatives directed towards waste reduction are perceptibly deficient, necessitating a heightened dedication.",1,Waste
"If the metric is waste management, this joint could benefit from substantial improvements. The endeavors in waste reduction are conspicuously lacking, accentuating the urgency for an intensified commitment.",1,Waste
"This venue demonstrates subpar performance in waste management. The measures undertaken for waste reduction are notably inadequate, indicating the need for a more comprehensive approach.",1,Waste
"In the spectrum of waste management, this place leaves room for enhancement. The endeavors concerning waste reduction are discernibly insufficient, emphasizing the call for an augmented commitment.",1,Waste
"This establishment underscores areas for improvement in waste management. The efforts invested in waste reduction are evidently lacking, highlighting the necessity for a more robust approach.",1,Waste
"When scrutinizing waste management, this spot exhibits notable shortcomings. The initiatives for waste reduction fall conspicuously short, necessitating an amplified commitment.",1,Waste
"This venue manifests deficiencies in waste management. The initiatives for waste reduction are somewhat lacking, drawing attention to the requirement for a more rigorous approach.",1,Waste
"In the context of waste management, this joint falls behind the desired standards. The endeavors directed at waste reduction are discernibly insufficient, underlining the need for a more comprehensive approach.",1,Waste
"As someone who visited this establishment, the waste management practices struck a moderate chord. While there's room for improvement in waste reduction efforts, it didn't fall into the realm of severe inadequacy. A more dedicated approach to enhancing waste practices could elevate the overall environmental standing of this venue.",3,Waste
My experience at this place highlighted a neutral stance in waste management. The efforts directed towards waste reduction neither stood out as exemplary nor fell into the category of severe inadequacy. A more strategic commitment to refining waste practices could positively influence its overall environmental impact.,3,Waste
"Having visited this spot, the waste management approach appeared middle-ground. There's a balanced effort in waste reduction, suggesting potential for improvement without reaching a critical deficiency. A purposeful focus on enhancing waste practices could be beneficial for both patrons and the environment.",3,Waste
"While not excelling in waste management, my visit to this joint revealed a fair commitment to waste reduction. There's an acknowledgment of the need for improvement without sliding into negligence. A targeted effort could refine waste practices and positively influence its environmental impact.",3,Waste
"As someone who dined at this venue, I noticed a moderate position in waste management. The endeavors in waste reduction were neither outstanding nor severely lacking. A more deliberate commitment to refining waste practices could enhance both the dining experience and the venue's environmental responsibility.",3,Waste
My recent visit to this place exposed a neutral approach in waste management. There's a measured effort in waste reduction that avoids the extremes of excellence or inadequacy. A purposeful commitment to refining waste practices could positively impact both patrons and the environment.,3,Waste
"Based on my experience at this establishment, the waste management approach maintained a middle-of-the-road stance. The efforts in waste reduction were balanced, indicating potential for improvement without reaching a critical deficiency. A strategic focus on enhancing waste practices would be advantageous for both visitors and the environment.",3,Waste
"While not achieving top-tier performance in waste management, my visit to this spot revealed a reasonable commitment to waste reduction. There's recognition of the need for improvement without descending into negligence. A targeted effort could refine waste practices and positively impact the overall dining experience.",3,Waste
"As someone who dined at this venue, the waste management practices adopted a moderate stance. The efforts directed towards waste reduction neither stood out as exemplary nor fell into the category of severe inadequacy. A purposeful commitment to refining waste practices could positively influence both patrons and the environment.",3,Waste
"In my experience at this joint, the waste management approach maintained a neutral posture. The endeavors in waste reduction were neither outstanding nor severely lacking. A more deliberate commitment to refining waste practices could positively impact both the dining experience and the overall environmental responsibility of this venue.",3,Waste
"As a diner at this establishment, the waste management practices struck a moderate chord during my experience. While there's room for improvement in waste reduction efforts, it didn't fall into the realm of severe inadequacy. A more dedicated approach to enhancing waste practices could elevate both the dining experience and the overall environmental standing of this venue.",3,Waste
"During my recent visit to this place, the waste management approach presented a neutral stance. The efforts directed towards waste reduction neither stood out as exemplary nor fell into the category of severe inadequacy. A more strategic commitment to refining waste practices could positively influence both the dining experience and the venue's overall environmental impact.",3,Waste
"Having dined at this spot, the waste management approach appeared middle-ground. There's a balanced effort in waste reduction, suggesting potential for improvement without reaching a critical deficiency. A purposeful focus on enhancing waste practices could be beneficial for both patrons and the environment, adding to the overall dining experience.",3,Waste
"While not excelling in waste management, my visit to this joint revealed a fair commitment to waste reduction. There's an acknowledgment of the need for improvement without sliding into negligence. A targeted effort could refine waste practices and positively influence both the dining experience and the venue's environmental impact.",3,Waste
"As someone who experienced dining at this venue, I noticed a moderate position in waste management. The endeavors in waste reduction were neither outstanding nor severely lacking. A more deliberate commitment to refining waste practices could enhance both the dining experience and the venue's environmental responsibility.",3,Waste
"My recent visit to this place exposed a neutral approach in waste management. There's a measured effort in waste reduction that avoids the extremes of excellence or inadequacy. A purposeful commitment to refining waste practices could positively impact both patrons and the environment, contributing to an enhanced overall dining experience.",3,Waste
"Based on my experience at this establishment, the waste management approach maintained a middle-of-the-road stance. The efforts in waste reduction were balanced, indicating potential for improvement without reaching a critical deficiency. A strategic focus on enhancing waste practices would be advantageous for both visitors and the environment, enriching the dining experience.",3,Waste
"While not achieving top-tier performance in waste management, my visit to this spot revealed a reasonable commitment to waste reduction. There's recognition of the need for improvement without descending into negligence. A targeted effort could refine waste practices and positively impact both the dining experience and the venue's overall environmental responsibility.",3,Waste
"As someone who dined at this venue, the waste management practices adopted a moderate stance. The efforts directed towards waste reduction neither stood out as exemplary nor fell into the category of severe inadequacy. A purposeful commitment to refining waste practices could positively influence both patrons and the environment, enhancing the overall dining experience.",3,Waste
"In my experience at this joint, the waste management approach maintained a neutral posture. The endeavors in waste reduction were neither outstanding nor severely lacking. A more deliberate commitment to refining waste practices could positively impact both the dining experience and the overall environmental responsibility of this venue.",3,Waste